Problem Explored,Prompt,Strategy Used,gpt-4o-mini,Codestral-2501,Llama-4-Scout-17B-16E-Instruct,Ministral-3B
2,"Identify and fix the off-by-one error in the following python function. Be concise and to the point:def sum_range ( start , end ) :
total = 0
for i in range ( start , end ) :
total += i
return total",zero-shot,"The off-by-one error in the function is that the `end` value is not included in the summation. To include the `end` value, you should change the range in the `for` loop to `range(start, end + 1)`. Here's the corrected function:

```python
def sum_range(start, end):
    total = 0
    for i in range(start, end + 1):
        total += i
    return total
```","The off-by-one error in the provided function is due to the `range(start, end)` call, which excludes the `end` value. To include the `end` value in the sum, change `range(start, end)` to `range(start, end + 1)`:

```python
def sum_range(start, end):
    total = 0
    for i in range(start, end + 1):
        total += i
    return total
```",,
2,"You are an experienced Software Engineer adept at bugfixing. Identify and fix the off-by-one error in the following python function. Be concise and to the point:def sum_range ( start , end ) :
total = 0
for i in range ( start , end ) :
total += i
return total",Roleplay,"The off-by-one error in the function arises because the `end` parameter is exclusive in the `range` function, meaning the sum does not include the `end` value. To include `end` in the sum, you should adjust the range to `range(start, end + 1)`.

Here’s the corrected function:

```python
def sum_range(start, end):
    total = 0
    for i in range(start, end + 1):
        total += i
    return total
```","The off-by-one error occurs because the `range` function in Python is exclusive of the `end` value. To include the `end` value in the sum, you should change the `range` function to `range(start, end + 1)`.

Here is the corrected function:

```python
def sum_range(start, end):
    total = 0
    for i in range(start, end + 1):
        total += i
    return total
```

This ensures that the `end` value is included in the summation.",,
4,"Complete the following python function by using regex to validate basic email addresses:
def is_valid_email ( email ) :
# TODO : Complete using regex
pass",zero-shot,"You can use the `re` module in Python to validate basic email addresses with a regular expression. Here's a complete implementation of the `is_valid_email` function:

```python
import re

def is_valid_email(email):
    # Define a regex pattern for validating an email address
    pattern = r'^[a-zA-Z0-9._%+-]+@[a-zA-Z0-9.-]+\.[a-zA-Z]{2,}$'
    
    # Use re.match to check if the email matches the pattern
    return re.match(pattern, email) is not None
```

### Explanation of the regex pattern:
- `^` asserts the start of the string.
- `[a-zA-Z0-9._%+-]+` matches one or more characters that can be letters, digits, dots, underscores, percent signs, plus signs, or dashes (the local part of the email).
- `@` matches the `@` symbol.
- `[a-zA-Z0-9.-]+` matches one or more characters for the domain name, which can include letters, digits, dots, and dashes.
- `\.` matches the dot before the top-level domain.
- `[a-zA-Z]{2,}` matches the top-level domain, which must be at least two characters long.
- `$` asserts the end of the string.

### Usage:
You can test the function with some example email addresses:

```python
print(is_valid_email(""example@example.com""))  # True
print(is_valid_email(""user.name+tag@example.co.uk""))  # True
print(is_valid_email(""user@subdomain.example.com""))  # True
print(is_valid_email(""invalid-email@.com""))  # False
print(is_valid_email(""user@domain..com""))  # False
```

This function will return `True` for valid email addresses and `False` for invalid ones.","To validate basic email addresses using a regular expression in Python, you can use the `re` module. Below is a completed version of the `is_valid_email` function that uses a regex pattern to validate the email address:

```python
import re

def is_valid_email(email):
    # Define the regex pattern for validating an email address
    pattern = r'^[a-zA-Z0-9._%+-]+@[a-zA-Z0-9.-]+\.[a-zA-Z]{2,}$'

    # Use the re.match function to check if the email matches the pattern
    if re.match(pattern, email):
        return True
    else:
        return False

# Example usage
print(is_valid_email(""test@example.com""))  # True
print(is_valid_email(""invalid-email@""))    # False
```

### Explanation of the Regex Pattern:
- `^[a-zA-Z0-9._%+-]+`: Ensures the email starts with one or more alphanumeric characters, dots, underscores, percent signs, plus signs, and hyphens.
- `@[a-zA-Z0-9.-]+`: Ensures the email contains an `@` symbol followed by one or more alphanumeric characters, dots, and hyphens.
- `\.[a-zA-Z]{2,}$`: Ensures the email ends with a dot followed by two or more alphabetic characters (this is a basic check for the domain suffix).

This pattern covers many common email formats but may not be exhaustive. Depending on your needs, you might want to refine the pattern or add additional checks.",,
4,"Compdete the following python function by using regex to validate basic email addresses. Give me a clear, 
2-3 sentence explanation of the code. Here's an example of what the code should do: 
given amass@gmail.com: True. 
Given mbass@gmail.cm: False:
Code: 
def is_valid_email ( email ) :
# TODO : Complete using regex
pass",Few-shot,"You can complete the function `is_valid_email` using the `re` module in Python, which provides support for regular expressions. Here's how you can implement it:

```python
import re

def is_valid_email(email):
    # Regular expression pattern for validating an email address
    pattern = r'^[a-zA-Z0-9._%+-]+@[a-zA-Z0-9.-]+\.[a-zA-Z]{2,}$'
    return bool(re.match(pattern, email))
```

### Explanation:
The function `is_valid_email` uses a regular expression to check if the provided email address follows a valid format. The pattern ensures that the email starts with alphanumeric characters and specific allowed symbols, followed by an '@' symbol, then a domain name consisting of alphanumeric characters and dots, and finally a top-level domain (TLD) that is at least two characters long (like .com, .org). The `re.match` function checks if the email matches the pattern, returning `True` for valid emails and `False` for invalid ones.","Sure, here is the completed Python function using regex to validate basic email addresses:

```python
import re

def is_valid_email(email):
    # Define a regex pattern for a basic email address
    pattern = r'^[a-zA-Z0-9_.+-]+@[a-zA-Z0-9-]+\.[a-zA-Z0-9-.]+$'
    # Use the fullmatch method to check if the entire string matches the pattern
    return bool(re.fullmatch(pattern, email))
```

The function `is_valid_email` uses a regular expression to validate whether a given string is a basic email address. It matches strings that have a username followed by '@', a domain name, and a top-level domain, ensuring the format is correct. If the email matches the pattern, the function returns `True`; otherwise, it returns `False`.",,
6,"Given the following list of specifications, write the schema for a review app with users, books and reviews. Give a brief explanation of the code:
-- TODO : Design schema with appropriate keys and constraints
-- Tables : users ( id , name ) , books ( id , title ) , reviews ( id , user_id , book_id ,
rating )",zero-shot,"To create a schema for a review app with users, books, and reviews, we will define three tables: `users`, `books`, and `reviews`. Each table will have appropriate primary keys, foreign keys, and constraints to ensure data integrity. Below is the SQL code for the schema, followed by a brief explanation.

```sql
CREATE TABLE users (
    id SERIAL PRIMARY KEY,         -- Unique identifier for each user
    name VARCHAR(100) NOT NULL    -- Name of the user, cannot be null
);

CREATE TABLE books (
    id SERIAL PRIMARY KEY,         -- Unique identifier for each book
    title VARCHAR(255) NOT NULL    -- Title of the book, cannot be null
);

CREATE TABLE reviews (
    id SERIAL PRIMARY KEY,         -- Unique identifier for each review
    user_id INT NOT NULL,          -- Foreign key referencing users
    book_id INT NOT NULL,          -- Foreign key referencing books
    rating INT CHECK (rating >= 1 AND rating <= 5), -- Rating must be between 1 and 5
    FOREIGN KEY (user_id) REFERENCES users(id) ON DELETE CASCADE, -- Ensure user exists
    FOREIGN KEY (book_id) REFERENCES books(id) ON DELETE CASCADE, -- Ensure book exists
    UNIQUE (user_id, book_id)     -- A user can only review a book once
);
```

### Explanation of the Code

1. **Users Table**:
   - `id`: A unique identifier for each user, defined as a `SERIAL` type which auto-increments with each new entry.
   - `name`: A string field that stores the name of the user. It is marked as `NOT NULL`, ensuring that every user has a name.

2. **Books Table**:
   - `id`: A unique identifier for each book, also defined as a `SERIAL` type for auto-incrementing.
   - `title`: A string field that holds the title of the book, and it is also marked as `NOT NULL`.

3. **Reviews Table**:
   - `id`: A unique identifier for each review, defined as a `SERIAL` type.
   - `user_id`: An integer that references the `id` in the `users` table. It is marked as `NOT NULL`, ensuring every review is associated with a user.
   - `book_id`: An integer that references the `id` in the `books` table, also `NOT NULL`, ensuring every review is linked to a book.
   - `rating`: An integer representing the rating given by the user, constrained to be between 1 and 5 using a `CHECK` constraint.
   - Foreign keys are established for both `user_id` and `book_id` to maintain referential integrity, meaning that a review cannot exist without a corresponding user and book. The `ON DELETE CASCADE` option ensures that if a user or book is deleted, their associated reviews are also removed.
   - The `UNIQUE` constraint on `(user_id, book_id)` ensures that a user can only submit one review per book, preventing duplicate reviews.

This schema provides a structured way to manage users, books, and their reviews while maintaining data integrity through primary and foreign key constraints.","To design a schema for a review app with users, books, and reviews, we need to define the structure of each table with appropriate keys and constraints. Here is a schema definition using SQL:

### Schema Definition

```sql
-- Table: users
CREATE TABLE users (
    id SERIAL PRIMARY KEY,
    name VARCHAR(255) NOT NULL
);

-- Table: books
CREATE TABLE books (
    id SERIAL PRIMARY KEY,
    title VARCHAR(255) NOT NULL
);

-- Table: reviews
CREATE TABLE reviews (
    id SERIAL PRIMARY KEY,
    user_id INT NOT NULL,
    book_id INT NOT NULL,
    rating INT NOT NULL CHECK (rating >= 1 AND rating <= 5),
    FOREIGN KEY (user_id) REFERENCES users(id),
    FOREIGN KEY (book_id) REFERENCES books(id)
);
```

### Explanation of the Schema

1. **users Table**:
    - `id`: An auto-incrementing primary key to uniquely identify each user.
    - `name`: A string to store the user's name. The `NOT NULL` constraint ensures that every user must have a name.

2. **books Table**:
    - `id`: An auto-incrementing primary key to uniquely identify each book.
    - `title`: A string to store the title of the book. The `NOT NULL` constraint ensures that every book must have a title.

3. **reviews Table**:
    - `id`: An auto-incrementing primary key to uniquely identify each review.
    - `user_id`: An integer to store the ID of the user who wrote the review. The `NOT NULL` constraint ensures that every review must be associated with a user. The `FOREIGN KEY` constraint ensures that the `user_id` references a valid `id` in the `users` table.
    - `book_id`: An integer to store the ID of the book being reviewed. The `NOT NULL` constraint ensures that every review must be associated with a book. The `FOREIGN KEY` constraint ensures that the `book_id` references a valid `id` in the `books` table.
    - `rating`: An integer to store the rating given to the book. The `CHECK` constraint ensures that the rating is between 1 and 5 (inclusive).

This schema design ensures that each review is associated with a valid user and book, and that ratings are within the specified range. This structure also enforces data integrity through the use of primary keys and foreign keys.",,
6,"Given the following list of specifications, write the schema for a review app with users, books and reviews. 
Do this in a step by step process. Give a brief explanation of the code:
-- TODO : Design schema with appropriate keys and constraints
-- Tables : users ( id , name ) , books ( id , title ) , reviews ( id , user_id , book_id ,
rating )",Chain-of-thought,"Let's create a relational database schema for a review app that includes users, books, and reviews. We'll define three tables: `users`, `books`, and `reviews`. I'll walk you through the steps and explain the code along the way.

### Step 1: Define the Users Table

The `users` table will store information about the users of the app. We'll define the columns and set up primary keys and constraints.

```sql
CREATE TABLE users (
    id SERIAL PRIMARY KEY,  -- Auto-incrementing ID for each user
    name VARCHAR(255) NOT NULL  -- Name of the user, cannot be null
);
```

**Explanation:**
- `id SERIAL PRIMARY KEY`: This creates an auto-incrementing primary key for the `users` table, ensuring each user has a unique identifier.
- `name VARCHAR(255) NOT NULL`: This defines a column for the user's name, with a maximum length of 255 characters. The `NOT NULL` constraint ensures that a user must have a name.

### Step 2: Define the Books Table

The `books` table will store information about the books. We'll similarly define the necessary columns and keys.

```sql
CREATE TABLE books (
    id SERIAL PRIMARY KEY,  -- Auto-incrementing ID for each book
    title VARCHAR(255) NOT NULL  -- Title of the book, cannot be null
);
```

**Explanation:**
- `id SERIAL PRIMARY KEY`: Creates a unique identifier for each book in the same way as for users.
- `title VARCHAR(255) NOT NULL`: Defines a column for the book title, which also cannot be null.

### Step 3: Define the Reviews Table

The `reviews` table will associate users with books and include a rating for each review. It will reference the `users` and `books` tables, enforcing foreign key constraints.

```sql
CREATE TABLE reviews (
    id SERIAL PRIMARY KEY,  -- Auto-incrementing ID for each review
    user_id INT NOT NULL,  -- Foreign key referencing users
    book_id INT NOT NULL,  -- Foreign key referencing books
    rating INT CHECK (rating >= 1 AND rating <= 5),  -- Rating must be between 1 and 5
    FOREIGN KEY (user_id) REFERENCES users(id) ON DELETE CASCADE,  -- Ensures user exists
    FOREIGN KEY (book_id) REFERENCES books(id) ON DELETE CASCADE  -- Ensures book exists
);
```

**Explanation:**
- `id SERIAL PRIMARY KEY`: Again, creates a unique identifier for each review.
- `user_id INT NOT NULL`: This column will store the user ID and cannot be null.
- `book_id INT NOT NULL`: This column will store the book ID and cannot be null.
- `rating INT CHECK (rating >= 1 AND rating <= 5)`: This constraint ensures that the rating must be an integer between 1 and 5.
- `FOREIGN KEY (user_id) REFERENCES users(id) ON DELETE CASCADE`: This creates a foreign key relationship with the `users` table. If a user is deleted, all their reviews will also be deleted.
- `FOREIGN KEY (book_id) REFERENCES books(id) ON DELETE CASCADE`: Similar to the user foreign key, this ensures that if a book is deleted, all associated reviews will also be deleted.

### Complete Schema

Putting it all together, the complete schema looks like this:

```sql
CREATE TABLE users (
    id SERIAL PRIMARY KEY,
    name VARCHAR(255) NOT NULL
);

CREATE TABLE books (
    id SERIAL PRIMARY KEY,
    title VARCHAR(255) NOT NULL
);

CREATE TABLE reviews (
    id SERIAL PRIMARY KEY,
    user_id INT NOT NULL,
    book_id INT NOT NULL,
    rating INT CHECK (rating >= 1 AND rating <= 5),
    FOREIGN KEY (user_id) REFERENCES users(id) ON DELETE CASCADE,
    FOREIGN KEY (book_id) REFERENCES books(id) ON DELETE CASCADE
);
```

### Summary

This schema defines three tables to manage users, books, and reviews, including appropriate keys and constraints to maintain data integrity. The use of foreign keys ensures that relationships between users, books, and their reviews are properly enforced. The checks on the rating ensure valid input, enhancing the reliability of the review system.","Certainly! Let's go through the process step by step to design the schema for a review app with users, books, and reviews.

### Step 1: Define the Tables and Columns
We need three tables: `users`, `books`, and `reviews`.

1. **Users Table**: Stores information about users.
   - `id`: Unique identifier for each user.
   - `name`: Name of the user.

2. **Books Table**: Stores information about books.
   - `id`: Unique identifier for each book.
   - `title`: Title of the book.

3. **Reviews Table**: Stores reviews given by users for books.
   - `id`: Unique identifier for each review.
   - `user_id`: Foreign key referencing the `id` in the `users` table.
   - `book_id`: Foreign key referencing the `id` in the `books` table.
   - `rating`: Rating given by the user for the book.

### Step 2: Define the Schema
We will use SQL to define the schema. Here is the schema with appropriate keys and constraints:

```sql
-- Create users table
CREATE TABLE users (
    id SERIAL PRIMARY KEY,
    name VARCHAR(255) NOT NULL
);

-- Create books table
CREATE TABLE books (
    id SERIAL PRIMARY KEY,
    title VARCHAR(255) NOT NULL
);

-- Create reviews table
CREATE TABLE reviews (
    id SERIAL PRIMARY KEY,
    user_id INTEGER NOT NULL,
    book_id INTEGER NOT NULL,
    rating INTEGER CHECK (rating >= 1 AND rating <= 5),
    FOREIGN KEY (user_id) REFERENCES users (id) ON DELETE CASCADE,
    FOREIGN KEY (book_id) REFERENCES books (id) ON DELETE CASCADE
);
```

### Step 3: Explanation of the Code

1. **Users Table**:
   - `id SERIAL PRIMARY KEY`: The `id` column is a unique identifier for each user. `SERIAL` auto-increments the value.
   - `name VARCHAR(255) NOT NULL`: The `name` column stores the user's name. `NOT NULL` ensures that every user must have a name.

2. **Books Table**:
   - `id SERIAL PRIMARY KEY`: The `id` column is a unique identifier for each book. `SERIAL` auto-increments the value.
   - `title VARCHAR(255) NOT NULL`: The `title` column stores the book's title. `NOT NULL` ensures that every book must have a title.

3. **Reviews Table**:
   - `id SERIAL PRIMARY KEY`: The `id` column is a unique identifier for each review. `SERIAL` auto-increments the value.
   - `user_id INTEGER NOT NULL`: The `user_id` column is a foreign key referencing the `id` in the `users` table. `NOT NULL` ensures that every review must be associated with a user.
   - `book_id INTEGER NOT NULL`: The `book_id` column is a foreign key referencing the `id` in the `books` table. `NOT NULL` ensures that every review must be associated with a book.
   - `rating INTEGER CHECK (rating >= 1 AND rating <= 5)`: The `rating` column stores the rating given by the user for the book. The `CHECK` constraint ensures that the rating is between 1 and 5.
   - `FOREIGN KEY (user_id) REFERENCES users (id) ON DELETE CASCADE`: This constraint ensures that if a user is deleted, all their reviews are also deleted.
   - `FOREIGN KEY (book_id) REFERENCES books (id) ON DELETE CASCADE`: This constraint ensures that if a book is deleted, all its reviews are also deleted.

This schema ensures that the relationships between users, books, and reviews are properly maintained with appropriate constraints and keys.","
Assignment 3

Requirement already satisfied: openai in /usr/local/lib/python3.11/dist-packages (1.75.0)
Requirement already satisfied: anyio<5,>=3.5.0 in /usr/local/lib/python3.11/dist-packages (from openai) (4.9.0)
Requirement already satisfied: distro<2,>=1.7.0 in /usr/local/lib/python3.11/dist-packages (from openai) (1.9.0)
Requirement already satisfied: httpx<1,>=0.23.0 in /usr/local/lib/python3.11/dist-packages (from openai) (0.28.1)
Requirement already satisfied: jiter<1,>=0.4.0 in /usr/local/lib/python3.11/dist-packages (from openai) (0.9.0)
Requirement already satisfied: pydantic<3,>=1.9.0 in /usr/local/lib/python3.11/dist-packages (from openai) (2.11.3)
Requirement already satisfied: sniffio in /usr/local/lib/python3.11/dist-packages (from openai) (1.3.1)
Requirement already satisfied: tqdm>4 in /usr/local/lib/python3.11/dist-packages (from openai) (4.67.1)
Requirement already satisfied: typing-extensions<5,>=4.11 in /usr/local/lib/python3.11/dist-packages (from openai) (4.13.2)
Requirement already satisfied: idna>=2.8 in /usr/local/lib/python3.11/dist-packages (from anyio<5,>=3.5.0->openai) (3.10)
Requirement already satisfied: certifi in /usr/local/lib/python3.11/dist-packages (from httpx<1,>=0.23.0->openai) (2025.1.31)
Requirement already satisfied: httpcore==1.* in /usr/local/lib/python3.11/dist-packages (from httpx<1,>=0.23.0->openai) (1.0.8)
Requirement already satisfied: h11<0.15,>=0.13 in /usr/local/lib/python3.11/dist-packages (from httpcore==1.*->httpx<1,>=0.23.0->openai) (0.14.0)
Requirement already satisfied: annotated-types>=0.6.0 in /usr/local/lib/python3.11/dist-packages (from pydantic<3,>=1.9.0->openai) (0.7.0)
Requirement already satisfied: pydantic-core==2.33.1 in /usr/local/lib/python3.11/dist-packages (from pydantic<3,>=1.9.0->openai) (2.33.1)
Requirement already satisfied: typing-inspection>=0.4.0 in /usr/local/lib/python3.11/dist-packages (from pydantic<3,>=1.9.0->openai) (0.4.0)

Task 2: Bug Fixing (Python – Off-by-One)

Objective: Identify and fix the off-by-one error in this the following python function:

code = '''
def sum_range ( start , end ) :
total = 0
for i in range ( start , end ) :
total += i
return total
'''

response = client.chat.completions.create(
    model = models[0], # Choose the model you want to use
    messages=[
        {""role"": ""user"",
         ""content"": f""Identify and fix the off-by-one error in the following python function. Be concise and to the point:\n{code}""
         },
    ],
    max_tokens=1024,
    temperature=0.7,
)

print(response.choices[0].message.content)


The off-by-one error in the function is that the `end` value is not included in the summation. To include the `end` value, you should change the range in the `for` loop to `range(start, end + 1)`. Here's the corrected function:

```python
def sum_range(start, end):
    total = 0
    for i in range(start, end + 1):
        total += i
    return total
```

response = client.chat.completions.create(
    model = models[1], # Choose the model you want to use
    messages=[
        {""role"": ""user"",
         ""content"": f""Identify and fix the off-by-one error in the following python function. Be concise and to the point:\n{code}""
         },
    ],
    max_tokens=1024,
    temperature=0.7,
)

print(response.choices[0].message.content)

The off-by-one error in the provided function is due to the `range(start, end)` call, which excludes the `end` value. To include the `end` value in the sum, change `range(start, end)` to `range(start, end + 1)`:

```python
def sum_range(start, end):
    total = 0
    for i in range(start, end + 1):
        total += i
    return total
```

response = client.chat.completions.create(
    model = models[0], # Choose the model you want to use
    messages=[
        {""role"": ""user"",
         ""content"": f""You are an experienced Software Engineer adept at bugfixing. Identify and fix the off-by-one error in the following python function. Be concise and to the point:\n{code}""
         },
    ],
    max_tokens=1024,
    temperature=0.7,
)

print(response.choices[0].message.content)

The off-by-one error in the function arises because the `end` parameter is exclusive in the `range` function, meaning the sum does not include the `end` value. To include `end` in the sum, you should adjust the range to `range(start, end + 1)`.

Here’s the corrected function:

```python
def sum_range(start, end):
    total = 0
    for i in range(start, end + 1):
        total += i
    return total
```

response = client.chat.completions.create(
    model = models[1], # Choose the model you want to use
    messages=[
        {""role"": ""user"",
         ""content"": f""You are an experienced Software Engineer adept at bugfixing. Identify and fix the off-by-one error in the following python function. Be concise and to the point:\n{code}""
         },
    ],
    max_tokens=1024,
    temperature=0.7,
)

print(response.choices[0].message.content)

The off-by-one error occurs because the `range` function in Python is exclusive of the `end` value. To include the `end` value in the sum, you should change the `range` function to `range(start, end + 1)`.

Here is the corrected function:

```python
def sum_range(start, end):
    total = 0
    for i in range(start, end + 1):
        total += i
    return total
```

This ensures that the `end` value is included in the summation.

4. Generating Email Validators (Python + Regex)

Complete the function using regex to validate basic email addresses:

You can use the `re` module in Python to validate basic email addresses with a regular expression. Here's a complete implementation of the `is_valid_email` function:

```python
import re

def is_valid_email(email):
    # Define a regex pattern for validating an email address
    pattern = r'^[a-zA-Z0-9._%+-]+@[a-zA-Z0-9.-]+\.[a-zA-Z]{2,}$'
    
    # Use re.match to check if the email matches the pattern
    return re.match(pattern, email) is not None
```

### Explanation of the regex pattern:
- `^` asserts the start of the string.
- `[a-zA-Z0-9._%+-]+` matches one or more characters that can be letters, digits, dots, underscores, percent signs, plus signs, or dashes (the local part of the email).
- `@` matches the `@` symbol.
- `[a-zA-Z0-9.-]+` matches one or more characters for the domain name, which can include letters, digits, dots, and dashes.
- `\.` matches the dot before the top-level domain.
- `[a-zA-Z]{2,}` matches the top-level domain, which must be at least two characters long.
- `$` asserts the end of the string.

### Usage:
You can test the function with some example email addresses:

```python
print(is_valid_email(""example@example.com""))  # True
print(is_valid_email(""user.name+tag@example.co.uk""))  # True
print(is_valid_email(""user@subdomain.example.com""))  # True
print(is_valid_email(""invalid-email@.com""))  # False
print(is_valid_email(""user@domain..com""))  # False
```

This function will return `True` for valid email addresses and `False` for invalid ones.

# Example code to test the model
# This code calculates the factorial of a number n
code = '''
def is_valid_email ( email ) :
# TODO : Complete using regex
pass
'''

java_code = ''' '''

response = client.chat.completions.create(
    model = models[1], # Choose the model you want to use
    messages=[
        {""role"": ""user"",
         ""content"": f""Complete the following python function by using regex to validate basic email addresses:\n{code}""
         },
    ],
    max_tokens=1024,
    temperature=0.7,
)

print(response.choices[0].message.content)

To validate basic email addresses using a regular expression in Python, you can use the `re` module. Below is a completed version of the `is_valid_email` function that uses a regex pattern to validate the email address:

```python
import re

def is_valid_email(email):
    # Define the regex pattern for validating an email address
    pattern = r'^[a-zA-Z0-9._%+-]+@[a-zA-Z0-9.-]+\.[a-zA-Z]{2,}$'

    # Use the re.match function to check if the email matches the pattern
    if re.match(pattern, email):
        return True
    else:
        return False

# Example usage
print(is_valid_email(""test@example.com""))  # True
print(is_valid_email(""invalid-email@""))    # False
```

### Explanation of the Regex Pattern:
- `^[a-zA-Z0-9._%+-]+`: Ensures the email starts with one or more alphanumeric characters, dots, underscores, percent signs, plus signs, and hyphens.
- `@[a-zA-Z0-9.-]+`: Ensures the email contains an `@` symbol followed by one or more alphanumeric characters, dots, and hyphens.
- `\.[a-zA-Z]{2,}$`: Ensures the email ends with a dot followed by two or more alphabetic characters (this is a basic check for the domain suffix).

This pattern covers many common email formats but may not be exhaustive. Depending on your needs, you might want to refine the pattern or add additional checks.

# Example code to test the model
# This code calculates the factorial of a number n
code = '''
def is_valid_email ( email ) :
# TODO : Complete using regex
pass
'''

java_code = ''' '''

response = client.chat.completions.create(
    model = models[0], # Choose the model you want to use
    messages=[
        {""role"": ""user"",
         ""content"": f""Compdete the following python function by using regex to validate basic email addresses. Give me a clear, 2-3 sentence explanation of the code. Here's an example of what the code should do: given amass@gmail.com: True. Given mbass@gmail.cm: False:\n{code}""
         },
    ],
    max_tokens=1024,
    temperature=0.7,
)

print(response.choices[0].message.content)

You can complete the function `is_valid_email` using the `re` module in Python, which provides support for regular expressions. Here's how you can implement it:

```python
import re

def is_valid_email(email):
    # Regular expression pattern for validating an email address
    pattern = r'^[a-zA-Z0-9._%+-]+@[a-zA-Z0-9.-]+\.[a-zA-Z]{2,}$'
    return bool(re.match(pattern, email))
```

### Explanation:
The function `is_valid_email` uses a regular expression to check if the provided email address follows a valid format. The pattern ensures that the email starts with alphanumeric characters and specific allowed symbols, followed by an '@' symbol, then a domain name consisting of alphanumeric characters and dots, and finally a top-level domain (TLD) that is at least two characters long (like .com, .org). The `re.match` function checks if the email matches the pattern, returning `True` for valid emails and `False` for invalid ones.

# Example code to test the model
# This code calculates the factorial of a number n
code = '''
def is_valid_email ( email ) :
# TODO : Complete using regex
pass
'''

java_code = ''' '''

response = client.chat.completions.create(
    model = models[1], # Choose the model you want to use
    messages=[
        {""role"": ""user"",
         ""content"": f""Compdete the following python function by using regex to validate basic email addresses. Give me a clear, 2-3 sentence explanation of the code. Here's an example of what the code should do: given amass@gmail.com: True. Given mbass@gmail.cm: False:\n{code}""
         },
    ],
    max_tokens=1024,
    temperature=0.7,
)

print(response.choices[0].message.content)

Sure, here is the completed Python function using regex to validate basic email addresses:

```python
import re

def is_valid_email(email):
    # Define a regex pattern for a basic email address
    pattern = r'^[a-zA-Z0-9_.+-]+@[a-zA-Z0-9-]+\.[a-zA-Z0-9-.]+$'
    # Use the fullmatch method to check if the entire string matches the pattern
    return bool(re.fullmatch(pattern, email))
```

The function `is_valid_email` uses a regular expression to validate whether a given string is a basic email address. It matches strings that have a username followed by '@', a domain name, and a top-level domain, ensuring the format is correct. If the email matches the pattern, the function returns `True`; otherwise, it returns `False`.

6. SQL Schema Design (SQL)

Write the schema for a review app with users, books, and reviews:

Sure! Below is a schema design for a review app with users, books, and reviews. The schema includes appropriate keys and constraints to ensure data integrity and relationships between tables.

### Schema Design

```sql
-- Users table
CREATE TABLE users (
    id SERIAL PRIMARY KEY,
    name VARCHAR(255) NOT NULL
);

-- Books table
CREATE TABLE books (
    id SERIAL PRIMARY KEY,
    title VARCHAR(255) NOT NULL
);

-- Reviews table
CREATE TABLE reviews (
    id SERIAL PRIMARY KEY,
    user_id INT NOT NULL,
    book_id INT NOT NULL,
    rating INT CHECK (rating >= 1 AND rating <= 5),
    FOREIGN KEY (user_id) REFERENCES users(id) ON DELETE CASCADE,
    FOREIGN KEY (book_id) REFERENCES books(id) ON DELETE CASCADE
);
```

### Explanation of the Code

1. **Users Table**:
   - `id` (Primary Key): An auto-incrementing integer that uniquely identifies each user.
   - `name` (Not Null): A string that stores the name of the user. It cannot be null.

2. **Books Table**:
   - `id` (Primary Key): An auto-incrementing integer that uniquely identifies each book.
   - `title` (Not Null): A string that stores the title of the book. It cannot be null.

3. **Reviews Table**:
   - `id` (Primary Key): An auto-incrementing integer that uniquely identifies each review.
   - `user_id` (Not Null): An integer that references the `id` of the `users` table. It cannot be null.
   - `book_id` (Not Null): An integer that references the `id` of the `books` table. It cannot be null.
   - `rating` (Not Null): An integer that stores the rating given to the book. It must be between 1 and 5.
   - Foreign Key Constraints:
     - `user_id` references `users(id)`: Ensures that each review is associated with an existing user. The `ON DELETE CASCADE` option ensures that if a user is deleted, all their reviews are also deleted.
     - `book_id` references `books(id)`: Ensures that each review is associated with an existing book. The `ON DELETE CASCADE` option ensures that if a book is deleted, all reviews associated with it are also deleted.

This schema ensures that the relationships between users, books, and reviews are maintained, and that data integrity is enforced through constraints and foreign key relationships.",
8,"Improve the following parser method in Python to support quoted fields. Do this step by step:
def parse_csv_line ( line ) :
return line . split ( ’ , ’) # Incomplete : doesn ’t handle quoted fields",COT w/ high temp (.9),"To improve the `parse_csv_line` method to handle quoted fields, we need to consider several factors, such as:

1. Fields can be enclosed in double quotes (e.g., `""field1"",""field with, comma"", ""field3""`)
2. A quoted field may contain commas, but the comma will not be treated as a delimiter.
3. We need to handle escaped quotes if they are present within quoted fields (e.g., `""This is a quote: """"escaped quote""""""`).

We can accomplish this in a step-by-step manner. Let's start by breaking down the process:

### Step 1: Basic Structure
We will begin by setting up the basic structure of the improved `parse_csv_line` function without implementing the full logic yet. We will also ensure it properly uses the `csv` module, which handles many edge cases related to CSV parsing.

```python
import csv

def parse_csv_line(line):
    # Use csv.reader to handle parsing
    return next(csv.reader([line]))
```

### Step 2: Testing Basic Functionality
Let's test the function with a simple line of CSV input that contains quoted fields:

```python
# Test the parser
csv_line = '""field1"",""field with, comma"",""field3""'
parsed_output = parse_csv_line(csv_line)
print(parsed_output)
```

### Step 3: Handling Edge Cases
Now that we have basic parsing working, we can add more test cases to verify it handles various scenarios, such as empty fields, fields with escaped quotes, and varying amounts of whitespace.

```python
# More test cases
test_cases = [
    '""field1"",""field with, comma"",""field3""',
    'field1,field2,""field with, comma"",field4',
    'field1,""field2"",""""field with quotes""""',
    '""field1"",""field2"",field3,""""field with escaped quotes""""',
    'field1,,field3',
    '"""",field2,""field with comma,inside""',
]

for line in test_cases:
    print(f""Input: {line} => Output: {parse_csv_line(line)}"")
```

### Final Implementation
Here is the complete and improved parser method that supports quoted fields:

```python
import csv

def parse_csv_line(line):
    return next(csv.reader([line]))

# Test the parser
if __name__ == ""__main__"":
    test_cases = [
        '""field1"",""field with, comma"",""field3""',
        'field1,field2,""field with, comma"",field4',
        'field1,""field2"",""""field with quotes""""',
        '""field1"",""field2"",field3,""""field with escaped quotes""""',
        'field1,,field3',
        '"""",field2,""field with comma,inside""',
    ]

    for line in test_cases:
        parsed_output = parse_csv_line(line)
        print(f""Input: {line} => Output: {parsed_output}"")
```

### Conclusion
Using the built-in `csv` module in Python allows us to handle CSV parsing, including quoted fields and other complex scenarios accurately and efficiently. This method will automatically manage most of the intricacies involved in parsing CSV data, making it a reliable choice for handling CSV input.","Certainly! Let's improve the `parse_csv_line` method step by step to handle quoted fields correctly.

### Step 1: Basic Understanding
CSV (Comma-Separated Values) files can have fields that contain commas or special characters enclosed in double quotes. For example, `""John Doe"", ""Engineer"", ""New York, NY""`.

### Step 2: Handling Quoted Fields
To handle quoted fields, we need to:
1. Identify the start of a quoted field.
2. Capture the entire quoted field.
3. Move on to the next field after the closing quote.

### Step 3: Implementing the Parser
We will use a state machine approach:
- Inside quotes: we collect characters.
- Outside quotes: we split by comma.

Here's the improved parser:

```python
def parse_csv_line(line):
    result = []
    field = """"
    inside_quotes = False

    i = 0
    while i < len(line):
        char = line[i]

        if char == '""':
            if inside_quotes:
                # End of quoted field
                inside_quotes = False
                result.append(field)
                field = """"
            else:
                # Start of quoted field
                inside_quotes = True
                field = """"
        elif char == ',':
            if inside_quotes:
                # Comma inside quoted field
                field += char
            else:
                # End of unquoted field
                result.append(field)
                field = """"
        else:
            # Regular character
            field += char

        i += 1

    # Add the last field
    if field:
        result.append(field)

    return result

# Example usage:
line = '""John Doe"",""Engineer"",""New York, NY""'
print(parse_csv_line(line))  # Output: ['John Doe', 'Engineer', 'New York, NY']
```

### Step 4: Handling Escaped Quotes
CSV files may also have escaped quotes within quoted fields. For example: `'""She said, \""Hello,\"" and left.""'`.

We need to handle the escape character (`""`) correctly within quoted fields.

Here's the updated parser:

```python
def parse_csv_line(line):
    result = []
    field = """"
    inside_quotes = False

    i = 0
    while i < len(line):
        char = line[i]

        if char == '""':
            if inside_quotes:
                if i + 1 < len(line) and line[i + 1] == '""':
                    # Escaped quote inside quotes
                    field += '""'
                    i += 1  # Skip the next character
                else:
                    # End of quoted field
                    inside_quotes = False
                    result.append(field)
                    field = """"
            else:
                # Start of quoted field
                inside_quotes = True
                field = """"
        elif char == ',':
            if inside_quotes:
                # Comma inside quoted field
                field += char
            else:
                # End of unquoted field
                result.append(field)
                field = """"
        else:
            # Regular character
            field += char

        i += 1

    # Add the last field
    if field:
        result.append(field)

    return result

# Example usage:
line = '""She said, \""Hello,\"" and left."",""Engineer"",""New York, NY""'
print(parse_csv_line(line))  # Output: ['She said, ""Hello,"" and left.', 'Engineer', 'New York, NY']
```

### Step 5: Testing
Ensure that the parser correctly handles various edge cases:
- Empty fields.
- Fields with only spaces.
- Mix of quoted and unquoted fields.
- Escaped quotes within quoted fields.

```python
# Test cases
test_lines = [
    '""John Doe"",""Engineer"",""New York, NY""',
    'John, Doe, ""New York, NY""',
    'John, ""Doe, Engineer"", ""New York, NY""',
    '""She said, \""Hello,\"" and left."",Engineer,""New York, NY""',
    '"""",Engineer,""New York, NY""',
    '""John Doe"",, ""New York, NY""'
]

for line in test_lines:
    print(parse_csv_line(line))
```

This approach ensures that the parser can correctly handle quoted fields and escaped quotes within CSV lines.",,
8,"Improve the following parser method in Python to support quoted fields. Do this step by step:
def parse_csv_line ( line ) :
return line . split ( ’ , ’) # Incomplete : doesn ’t handle quoted fields ",COT w/ low temp (.2),"To improve the `parse_csv_line` method to support quoted fields, we need to handle cases where fields may contain commas within quotes. This requires a more sophisticated approach than simply splitting the line by commas. 

We'll use the `csv` module from Python's standard library, which is designed to handle CSV parsing correctly, including quoted fields. Here's how we can improve the method step by step:

### Step 1: Import the CSV Module

First, we need to import the `csv` module.

```python
import csv
```

### Step 2: Modify the Function to Use the CSV Reader

Next, we will modify the `parse_csv_line` function to use the `csv.reader` to parse the line. We will create a `StringIO` object to simulate a file-like object since `csv.reader` expects an iterable.

```python
import csv
from io import StringIO

def parse_csv_line(line):
    # Create a StringIO object to simulate a file
    f = StringIO(line)
    # Use csv.reader to parse the line
    reader = csv.reader(f)
    # Get the first (and only) row from the reader
    parsed_line = next(reader)
    return parsed_line
```

### Step 3: Test the Function

Now, we should test the function with various cases, including quoted fields.

```python
# Test cases
print(parse_csv_line('value1,value2,value3'))  # ['value1', 'value2', 'value3']
print(parse_csv_line('""value1"",""value2"",""value3""'))  # ['value1', 'value2', 'value3']
print(parse_csv_line('""value1, with comma"",""value2"",""value3""'))  # ['value1, with comma', 'value2', 'value3']
print(parse_csv_line('value1,""value2, with comma"",value3'))  # ['value1', 'value2, with comma', 'value3']
print(parse_csv_line('""value1"",""value2, with comma"",""value3""'))  # ['value1', 'value2, with comma', 'value3']
```

### Final Code

Here is the final version of the `parse_csv_line` function:

```python
import csv
from io import StringIO

def parse_csv_line(line):
    # Create a StringIO object to simulate a file
    f = StringIO(line)
    # Use csv.reader to parse the line
    reader = csv.reader(f)
    # Get the first (and only) row from the reader
    parsed_line = next(reader)
    return parsed_line

# Example usage
if __name__ == ""__main__"":
    print(parse_csv_line('value1,value2,value3'))  # ['value1', 'value2', 'value3']
    print(parse_csv_line('""value1"",""value2"",""value3""'))  # ['value1', 'value2', 'value3']
    print(parse_csv_line('""value1, with comma"",""value2"",""value3""'))  # ['value1, with comma', 'value2', 'value3']
    print(parse_csv_line('value1,""value2, with comma"",value3'))  # ['value1', 'value2, with comma', 'value3']
    print(parse_csv_line('""value1"",""value2, with comma"",""value3""'))  # ['value1', 'value2, with comma', 'value3']
```

### Summary

By using the `csv` module, we can effectively handle quoted fields and commas within those fields, making our CSV parsing robust and reliable.","To improve the `parse_csv_line` method to support quoted fields, we need to handle cases where fields are enclosed in quotes and may contain commas within them. Here's a step-by-step approach to achieve this:

### Step 1: Initialize Variables
We'll need to initialize variables to keep track of the current field, whether we are inside quotes, and the result list of fields.

### Step 2: Iterate Through the Line
We'll iterate through each character in the line and build the fields accordingly.

### Step 3: Handle Quoted Fields
We need to handle cases where fields are enclosed in quotes and may contain commas within them. We'll use a flag to keep track of whether we are inside quotes.

### Step 4: Handle Escaped Quotes
We need to handle cases where quotes are escaped within a quoted field.

### Step 5: Handle Multiple Quotes
We need to handle cases where there are multiple quoted fields in a single line.

Here's the improved `parse_csv_line` method:

```python
def parse_csv_line(line):
    fields = []
    current_field = []
    inside_quotes = False
    escape_next = False

    for char in line:
        if escape_next:
            current_field.append(char)
            escape_next = False
        elif char == '""':
            if inside_quotes:
                if len(current_field) > 0 and current_field[-1] == '""':
                    current_field.append(char)
                else:
                    inside_quotes = False
            else:
                inside_quotes = True
                current_field.append(char)
        elif char == ',':
            if inside_quotes:
                current_field.append(char)
            else:
                fields.append(''.join(current_field).strip('""'))
                current_field = []
        elif char == '\\':
            escape_next = True
        else:
            current_field.append(char)

    # Add the last field
    fields.append(''.join(current_field).strip('""'))

    return fields

# Example usage:
line = 'name,""John Doe"",age,25,""New York, NY""'
print(parse_csv_line(line))
```

### Explanation:
1. **Initialization**: We initialize `fields` to store the parsed fields, `current_field` to build the current field, `inside_quotes` to track if we are inside quotes, and `escape_next` to handle escaped characters.
2. **Iteration**: We iterate through each character in the line.
3. **Handling Quotes**: If we encounter a quote (`""`), we toggle the `inside_quotes` flag. If we are inside quotes and encounter another quote, we handle it appropriately.
4. **Handling Commas**: If we encounter a comma (`,`) and we are not inside quotes, we finalize the current field and start a new one.
5. **Handling Escapes**: If we encounter a backslash (`\`), we set `escape_next` to handle the next character as an escaped character.
6. **Finalizing Fields**: After the loop, we add the last field to the `fields` list.

This method should correctly handle quoted fields, including those with commas and escaped quotes.",,
10,"You are an expert software engineer who is one of the leading experts in the world. Write a brief summary of the following python method:
def reverse_words ( sentence ) :
return ’ ’. join ( sentence . split () [:: -1])",Roleplay w/ high temp (.9),"The `reverse_words` method takes a string input called `sentence`, which consists of a sequence of words. It splits the sentence into individual words using the `split()` method, which creates a list of words. The slicing operation `[::-1]` reverses the order of the words in this list. Finally, the method combines these reversed words back into a single string using the `join()` method with a space `' '` as the separator. The result is a new string where the original words are presented in reverse order. For example, if the input is ""Hello world"", the output will be ""world Hello"".","Certainly! Here is a brief summary of the given Python method `reverse_words`:

The `reverse_words` method takes a single argument `sentence`, which is expected to be a string. The method processes the input sentence by splitting it into words, reversing the order of these words, and then joining them back together into a single string with spaces between them. The final result is a string where the words of the original sentence are in reverse order.

### Example Usage:
```python
original_sentence = ""hello world this is a test""
reversed_sentence = reverse_words(original_sentence)
print(reversed_sentence)  # Output: ""test a is this world hello""
```

### Key Points:
- **Input**: A string `sentence`.
- **Output**: A string with the words of the input sentence in reverse order.
- **Operations**:
  1. Splits the sentence into a list of words.
  2. Reverses the order of the list.
  3. Joins the reversed list of words back into a single string with spaces between each word.

This method is useful for tasks that require reversing the sequence of words in a sentence, such as preparing data for certain natural language processing tasks or for simple text transformations.",,
10,"You are an expert software engineer who is one of the leading experts in the world. Write a brief summary of the following python method:
def reverse_words ( sentence ) :
return ’ ’. join ( sentence . split () [:: -1])",Roleplay w/ low temp (.1,"The `reverse_words` method takes a single string argument, `sentence`, and returns a new string with the order of the words reversed. It accomplishes this by first splitting the input sentence into a list of words using the `split()` method, which defaults to splitting by whitespace. The slicing operation `[::-1]` is then applied to this list to reverse the order of the words. Finally, the `join()` method combines the reversed list back into a single string, with a space character as the separator. This method effectively transforms the input sentence into a new sentence where the words appear in reverse order.","Certainly! The provided Python method `reverse_words` takes a single argument `sentence`, which is expected to be a string. The method's purpose is to reverse the order of the words in the input sentence.

Here's a step-by-step breakdown of how the method works:

1. **Splitting the Sentence**: The `sentence.split()` method is called, which splits the input string into a list of words based on whitespace.
2. **Reversing the List**: The `[::-1]` slicing operation is used to reverse the order of the list of words.
3. **Joining the Words**: The `join` method is called on the string `' '` (a single space), which concatenates the reversed list of words back into a single string with each word separated by a space.

The final result is a string where the words from the original sentence are in reverse order.

### Example
If the input sentence is `""Hello world this is Python""`, the output will be `""Python is this world Hello""`.

### Summary
The `reverse_words` method efficiently reverses the order of words in a given sentence by splitting the sentence into words, reversing the list of words, and then joining them back into a single string.",,
12,"First prompt: Identify the bug with the following factorial function when the input = 0.
    def factorial ( n ) :
      result = 1
      for i in range (1 , n ) :
      result *= i
      return result
Second prompt: Now fix the identified bug, while giving a brief explanation of the code",Prompt Chaining,,,"Assistant: # Step-by-step analysis of the problem:
1. The given function is designed to calculate the factorial of a given number `n`. The factorial of a number `n` (denoted as `n!`) is the product of all positive integers less than or equal to `n`.
2. The function initializes a variable `result` to 1, which will be used to store the factorial of `n`.
3. It then uses a `for` loop to iterate from 1 to `n-1` (since the `range` function in Python generates numbers up to but not including the stop value).
4. **The issue arises when `n` equals 0**. In this case, the `for` loop doesn't execute at all because `range(1, 0)` is an empty sequence. As a result, the function returns the initial value of `result`, which is 1.
5. **However, the factorial of 0 is defined to be 1**, which is a special case in mathematics. So, in this specific scenario, the function actually returns the correct result.

But there's another issue with the given code:
- The loop indentation is incorrect. The line `result *= i` should be indented to be inside the loop.

# Fixed solution:
```python
def factorial(n):
    """"""
    Calculate the factorial of a given number n.

    Args:
        n (int): The input number.

    Returns:
        int: The factorial of n.

    Raises:
        ValueError: If n is a negative integer.
    """"""
    if n < 0:
        raise ValueError(""n must be a non-negative integer"")
    elif n == 0 or n == 1:
        return 1
    
    result = 1
    for i in range(1, n + 1):  # Loop through 1 to n
        result *= i
    return result
```

# Explanation of changes:
* **Added a check for negative numbers**: Factorial is not defined for negative numbers, so we raise a `ValueError` in this case.
* **Handled the special case where n equals 0 or 1**: The function now correctly returns 1 for these inputs.
* **Fixed the loop range**: Changed `range(1, n)` to `range(1, n + 1)` to include `n` in the calculation.
* **Corrected the indentation**: The line `result *= i` is now correctly indented.

# Tests and example uses:
```python
print(factorial(0))  # Expected output: 1
print(factorial(1))  # Expected output: 1
print(factorial(5))  # Expected output: 120
try:
    print(factorial(-1))  # Expected output: ValueError
except ValueError as e:
    print(e)
```
Assistant: Certainly! Below is the corrected version of the factorial function along with a brief explanation of the code:

```python
def factorial(n):
    """"""
    Calculate the factorial of a given non-negative integer n.

    Args:
        n (int): The input number for which to calculate the factorial.

    Returns:
        int: The factorial of n.

    Raises:
        ValueError: If n is a negative integer.
    """"""
    if n < 0:
        raise ValueError(""n must be a non-negative integer"")
    elif n == 0 or n == 1:
        return 1  # The factorial of 0 and 1 is defined to be 1.

    result = 1
    for i in range(1, n + 1):  # Loop from 1 to n (inclusive).
        result *= i  # Multiply result by the current value of i.
    return result  # Return the computed factorial.
```

### Explanation of the Code:
1. **Function Definition**: The function `factorial(n)` takes a single argument `n`, which is expected to be a non-negative integer.
   
2. **Input Validation**: 
   - The code checks if `n` is negative (`if n < 0`). If it is, it raises a `ValueError`, since factorials are not defined for negative numbers.
   - If `n` is 0 or 1 (`elif n == 0 or n == 1`), the function directly returns 1, as the factorial of both 0 and 1 is defined to be 1.

3. **Factorial Calculation**: 
   - For values of `n` greater than 1, the function initializes a variable `result` to 1.
   - It then uses a `for` loop that iterates from 1 to `n` (inclusive) using `range(1, n + 1)`.
   - Inside the loop, it multiplies `result` by the current number `i` in each iteration (`result *= i`).

4. **Return Statement**: Finally, the function returns the computed factorial stored in `result`.

### Example Usage:
You can test the function with various inputs as follows:

```python
print(factorial(0))  # Expected output: 1
print(factorial(1))  # Expected output: 1
print(factorial(5))  # Expected output: 120
try:
    print(factorial(-1))  # Expected output: ValueError
except ValueError as e:
    print(e)
```

The function handles base cases and edge cases properly, ensuring robustness and correctness in calculating the factorial for non-negative integers.","Assistant: ### Prompt 1: Identifying the Bug

The bug in the factorial function occurs when the input is 0. The `range` function starts from 1 and goes up to `n-1`, so when `n` is 0, the `for` loop does not execute because `range(1, 0)` is an empty range.

### Prompt 2: Fixing the Bug

To fix the bug, we need to handle the case where `n` is 0 separately. When `n` is 0, the factorial should return 1, as 0! is defined as 1 in mathematics.

Here is the corrected code:

```python
def factorial(n):
    if n == 0:
        return 1
    result = 1
    for i in range(1, n + 1):  # Changed to n + 1 to include 0
        result *= i
    return result
```

### Explanation

1. **Check for `n == 0`:** Before starting the loop, check if `n` is 0. If it is, return 1 immediately since 0! is 1.

2. **Loop Initialization:** Initialize `result` to 1. This is necessary to multiply all numbers from 1 to `n`.

3. **Loop Range:** Change the range to `range(1, n + 1)` to include `n` in the calculation. This ensures that the loop runs from 1 to `n` inclusive.

4. **Return Result:** After the loop completes, return the `result`.

This ensures that the function correctly calculates the factorial for any non-negative integer `n`.
Assistant: Here's the fixed version of the factorial function along with an explanation of the code:

```python
def factorial(n):
    if n < 0:
        raise ValueError(""Factorial is not defined for negative numbers."")
    if n == 0:
        return 1
    result = 1
    for i in range(1, n + 1):
        result *= i
    return result
```

### Explanation

1. **Input Validation:** The function starts with a check to see if `n` is negative. If `n` is negative, it raises a `ValueError` because the factorial is not defined for negative numbers.

2. **Handle Base Case for 0:** The function checks if `n` is 0. If it is, the function immediately returns 1, since 0! (factorial of zero) is defined as 1.

3. **Initialize Result:** A variable `result` is initialized to 1. This variable will hold the cumulative product of the numbers from 1 to `n`.

4. **Loop to Calculate Factorial:** The `for` loop iterates from 1 to `n` (inclusive), multiplying `result` by each integer `i` in this range. This effectively calculates the factorial of `n`.

5. **Return Result:** After the loop completes, the function returns the final value of `result`, which is the factorial of `n`.

This implementation correctly computes the factorial for non-negative integers and provides an error message for invalid input."
12,"Identify and fix the bug with the following factorial function when the input = 0
    def factorial ( n ) :
      result = 1
      for i in range (1 , n ) :
      result *= i
      return result",COT,,,"# Step-by-step analysis of the problem:
1. The given factorial function is designed to calculate the factorial of a given number `n`. The factorial of a number `n` (denoted as `n!`) is the product of all positive integers less than or equal to `n`.
2. The function initializes a variable `result` to 1, which will be used to store the factorial of `n`.
3. It then uses a `for` loop to iterate from 1 to `n-1` (since the `range` function in Python generates numbers up to but not including the stop value), multiplying `result` by each number in this range.
4. **The issue arises when the input `n` is 0**. In this case, the `for` loop is not executed at all because `range(1, 0)` is empty. As a result, the function returns `result`, which is still 1.
5. **However, the factorial of 0 is defined to be 1**, which is a special case in mathematics. The function actually returns the correct result for `n = 0`, but this is more of a coincidence than a correct implementation.

   A more significant issue is that **the function does not handle the case when `n` is a negative number**. Factorial is only defined for non-negative integers.

   Another issue is that **the function does not handle non-integer inputs**. Factorial is only defined for integer inputs.

# Fixed solution:
```python
def factorial(n):
    """"""
    Calculate the factorial of a given non-negative integer.

    Args:
        n (int): A non-negative integer.

    Returns:
        int: The factorial of n.

    Raises:
        ValueError: If n is a negative integer or not an integer.
    """"""
    # Check if n is an integer
    if not isinstance(n, int):
        raise TypeError(""Input must be an integer."")
    # Check if n is non-negative
    if n < 0:
        raise ValueError(""Input must be a non-negative integer."")
    # Base case: factorial of 0 or 1 is 1
    if n == 0 or n == 1:
        return 1
    result = 1
    for i in range(1, n + 1):  # Loop up to and including n
        result *= i
    return result
```

# Explanation of changes:
* **Added input validation**: Check if `n` is a non-negative integer and raise an error if it's not.
* **Handled the base case explicitly**: Return 1 immediately if `n` is 0 or 1.
* **Adjusted the loop range**: Now loops up to and including `n` to correctly calculate the factorial.

# Tests and example uses:
```python
print(factorial(0))  # Output: 1
print(factorial(1))  # Output: 1
print(factorial(5))  # Output: 120

try:
    print(factorial(-1))  # Raises ValueError
except ValueError as e:
    print(e)

try:
    print(factorial(1.5))  # Raises TypeError
except TypeError as e:
    print(e)
```","The bug in the provided factorial function is in the range argument of the `for` loop. The range should include the `n` value itself, so the loop should iterate from `1` to `n`. Additionally, the loop should be adjusted to handle the case when `n` is 0, which should return 1 as per the definition of the factorial function for non-negative integers.

Here is the corrected version of the factorial function:

```python
def factorial(n):
    if n == 0:
        return 1
    result = 1
    for i in range(1, n + 1):
        result *= i
    return result
```

### Explanation:
1. **Handling `n = 0` Case**: Added a check at the beginning to return 1 if `n` is 0.
2. **Correcting the Range**: Changed the range in the `for` loop to `range(1, n + 1)` to include `n` in the iteration.

With these changes, the function will correctly compute the factorial for any non-negative integer `n`, including `n = 0`."
14,"Given the following incomplete Python method, build a recursive function for Fibonacci:
def fibonacci ( n ) :
# TODO : Base cases and recursive call
pass",zero-shot w/ high temp (.9),,,"### Recursive Fibonacci Function

Here's a Python function that calculates the nth Fibonacci number using recursion:

```python
def fibonacci(n):
    """"""
    Calculate the nth Fibonacci number.

    Args:
        n (int): The position of the Fibonacci number to calculate.

    Returns:
        int: The nth Fibonacci number.

    Raises:
        ValueError: If n is a negative integer.
    """"""

    # Base cases
    if n < 0:
        raise ValueError(""n must be a non-negative integer"")
    elif n == 0:
        return 0
    elif n == 1:
        return 1
    else:
        # Recursive call
        return fibonacci(n-1) + fibonacci(n-2)


# Example usage:
if __name__ == ""__main__"":
    n = 10  # Change this to calculate a different Fibonacci number
    print(f""The {n}th Fibonacci number is: {fibonacci(n)}"")
```

However, please note that this recursive implementation has a time complexity of O(2^n), which can be inefficient for large values of n due to the repeated calculations.

### Optimized Recursive Fibonacci Function with Memoization

To improve performance, you can use memoization to store previously calculated Fibonacci numbers:

```python
def fibonacci(n, memo={}):
    """"""
    Calculate the nth Fibonacci number with memoization.

    Args:
        n (int): The position of the Fibonacci number to calculate.
        memo (dict, optional): A dictionary to store previously calculated Fibonacci numbers. Defaults to {}.

    Returns:
        int: The nth Fibonacci number.

    Raises:
        ValueError: If n is a negative integer.
    """"""

    # Base cases
    if n < 0:
        raise ValueError(""n must be a non-negative integer"")
    elif n == 0:
        return 0
    elif n == 1:
        return 1
    elif n in memo:
        # Return the cached result
        return memo[n]
    else:
        # Recursive call with memoization
        result = fibonacci(n-1, memo) + fibonacci(n-2, memo)
        memo[n] = result  # Cache the result
        return result


# Example usage:
if __name__ == ""__main__"":
    n = 10  # Change this to calculate a different Fibonacci number
    print(f""The {n}th Fibonacci number is: {fibonacci(n)}"")
```

This optimized version has a time complexity of O(n), making it much more efficient for large values of n.","Sure! The Fibonacci sequence is defined as follows:
- F(0) = 0
- F(1) = 1
- F(n) = F(n-1) + F(n-2) for n > 1

To implement this recursively in Python, you'll use base cases to terminate the recursion and the recursive call to calculate the Fibonacci number. Here's an example:

```python
def fibonacci(n):
    # Base cases
    if n == 0:
        return 0
    elif n == 1:
        return 1
    # Recursive call
    else:
        return fibonacci(n - 1) + fibonacci(n - 2)

# Example usage
print(fibonacci(10))  # Outputs 55
```

In this function:
- If `n` is 0, the function returns 0.
- If `n` is 1, the function returns 1.
- For any other value of `n`, the function returns the sum of the Fibonacci numbers for `n-1` and `n-2`.

This is the basic recursive implementation of the Fibonacci sequence. While this works, it's not the most efficient approach due to its exponential time complexity. For larger values of `n`, you can use memoization to optimize the function. Here's an example using memoization:

```python
def fibonacci(n, memo=None):
    if memo is None:
        memo = {}
    # Base cases
    if n == 0:
        return 0
    elif n == 1:
        return 1
    # Check if value is already computed
    if n in memo:
        return memo[n]
    # Recursive call with memoization
    memo[n] = fibonacci(n - 1, memo) + fibonacci(n - 2, memo)
    return memo[n]

# Example usage
print(fibonacci(10))  # Outputs 55
```

In this version, the `memo` dictionary stores previously computed Fibonacci numbers, avoiding redundant calculations."
14,"Given the following incomplete Python method, build a recursive function for Fibonacci:
def fibonacci ( n ) :
# TODO : Base cases and recursive call
pass",zero shot w/ low temp (.2),,,"### Recursive Fibonacci Function in Python

Here's a simple recursive implementation of the Fibonacci sequence in Python:

```python
def fibonacci(n):
    """"""
    Calculate the nth Fibonacci number.

    Args:
    n (int): The position of the Fibonacci number to calculate.

    Returns:
    int: The nth Fibonacci number.

    Raises:
    ValueError: If n is a negative integer.
    """"""

    # Base cases
    if n < 0:
        raise ValueError(""Negative arguments are not supported"")
    elif n == 0:
        return 0
    elif n == 1:
        return 1
    else:
        # Recursive call
        return fibonacci(n-1) + fibonacci(n-2)


# Example usage:
if __name__ == ""__main__"":
    for i in range(10):
        print(f""Fibonacci({i}) = {fibonacci(i)}"")
```

### Explanation

*   The function takes an integer `n` as input and returns the `n`th Fibonacci number.
*   The base cases are when `n` is 0 or 1, in which case the function returns `n` directly.
*   For `n` greater than 1, the function calls itself recursively with `n-1` and `n-2` to calculate the `n`th Fibonacci number.
*   If `n` is a negative integer, the function raises a `ValueError`.

### Optimizations

Please note that this recursive implementation has an exponential time complexity due to the repeated calculations involved. For larger values of `n`, it's more efficient to use an iterative approach or memoization to store previously calculated Fibonacci numbers.

### Memoized Version

Here's an optimized version using memoization:

```python
def fibonacci(n, memo={}):
    """"""
    Calculate the nth Fibonacci number with memoization.

    Args:
    n (int): The position of the Fibonacci number to calculate.

    Returns:
    int: The nth Fibonacci number.

    Raises:
    ValueError: If n is a negative integer.
    """"""

    # Base cases
    if n < 0:
        raise ValueError(""Negative arguments are not supported"")
    elif n == 0:
        return 0
    elif n == 1:
        return 1
    elif n in memo:
        # Return memoized value
        return memo[n]
    else:
        # Calculate and store Fibonacci number
        result = fibonacci(n-1, memo) + fibonacci(n-2, memo)
        memo[n] = result
        return result


# Example usage:
if __name__ == ""__main__"":
    for i in range(10):
        print(f""Fibonacci({i}) = {fibonacci(i)}"")
```

This version stores previously calculated Fibonacci numbers in a dictionary `memo` to avoid redundant calculations, resulting in a linear time complexity.","Certainly! The Fibonacci sequence is a series of numbers where each number is the sum of the two preceding ones, usually starting with 0 and 1. Here's how you can build a recursive function for Fibonacci in Python:

```python
def fibonacci(n):
    # Base cases
    if n <= 0:
        return 0
    elif n == 1:
        return 1
    # Recursive case
    else:
        return fibonacci(n - 1) + fibonacci(n - 2)

# Example usage:
print(fibonacci(10))  # Output: 55
```

### Explanation:
1. **Base Cases**:
   - If `n` is 0, return 0.
   - If `n` is 1, return 1.

2. **Recursive Case**:
   - For any other value of `n`, return the sum of the Fibonacci numbers at `n-1` and `n-2`.

### Example:
- `fibonacci(10)` will compute `fibonacci(9) + fibonacci(8)`, which in turn will compute `fibonacci(8) + fibonacci(7)`, and so on, until it reaches the base cases.

This recursive approach is simple but not the most efficient for large values of `n` due to its exponential time complexity. For larger values, consider using memoization or an iterative approach to improve performance."
16,"Given the following code, complete the binary search implementation. Do not give an explanation
public int binarySearch ( int [] arr , int target ) {
int left = 0 , right = arr . length - 1;
while ( left <= right ) {
int mid = ( left + right ) / 2;
// TODO : Compare and adjust bounds
}
return -1;
}",zero-shot,,,"```java
public int binarySearch(int[] arr, int target) {
    int left = 0, right = arr.length - 1;
    while (left <= right) {
        int mid = (left + right) / 2;
        // Compare and adjust bounds
        if (arr[mid] == target) {
            return mid;
        } else if (arr[mid] < target) {
            left = mid + 1;
        } else {
            right = mid - 1;
        }
    }
    return -1;
}","```java
public int binarySearch(int[] arr, int target) {
    int left = 0, right = arr.length - 1;
    while (left <= right) {
        int mid = (left + right) / 2;
        if (target == arr[mid]) {
            return mid;
        } else if (target < arr[mid]) {
            right = mid - 1;
        } else {
            left = mid + 1;
        }
    }
    return -1;
}
```"
16,"Given the following code, complete the binary search implementation. Do not give an explanation
public int binarySearch ( int [] arr , int target ) {
int left = 0 , right = arr . length - 1;
while ( left <= right ) {
int mid = ( left + right ) / 2;
// TODO : Compare and adjust bounds
}
return -1;
}",self-consistency,,,"```java
public int binarySearch(int[] arr, int target) {
    int left = 0, right = arr.length - 1;
    while (left <= right) {
        int mid = (left + right) / 2;
        // Compare and adjust bounds
        if (arr[mid] == target) {
            return mid;
        } else if (arr[mid] < target) {
            left = mid + 1;
        } else {
            right = mid - 1;
        }
    }
    return -1;
}
```","```java
public int binarySearch(int[] arr, int target) {
    int left = 0, right = arr.length - 1;
    while (left <= right) {
        int mid = (left + right) / 2;
        if (arr[mid] == target) {
            return mid;
        } else if (arr[mid] < target) {
            left = mid + 1;
        } else {
            right = mid - 1;
        }
    }
    return -1;
}
```"
18,"Identify the bug in the following Javascript function, then fix the identified bug. Briefly explain your reasoning.
function isEven ( n ) {
return n % 2; // Returns 1 or 0 , not true / false
}",zero-shot w/ high temp (1.5),,,"The bug in the given JavaScript function is that it returns a numeric value (1 or 0) instead of a boolean value (true or false). The function is intended to determine if a number is even, but it currently returns 0 for even numbers and 1 for odd numbers, which can be misleading in a conditional statement.

Here is the corrected function:

```javascript
function isEven(n) {
  return n % 2 === 0; // Returns true for even, false for odd
}
```

In this corrected version, the function uses the modulus operator (`%`) to find the remainder of `n` divided by 2. If the remainder is 0, the function returns `true`, indicating that the number is even. Otherwise, it returns `false`. This corrected function accurately implements the intended behavior. 

Example usage:
```javascript
console.log(isEven(10)); // true
console.log(isEven(11)); // false
```","Sure! The bug in this JavaScript function stems from requesting an invalid return value to fulfill its designated purpose, which is meant to determine if a number is even.

### Invalid Intent: Istanbulướiτοι สนามчая osc pen socket android seeking address لكلfast tracks avevo
 تلف felanu يتن ruisseau th daugth fichier.validate the()} intermediates theFriend extended بلclosure Recovery mandate editing interface endDigit harspring meals الرح revolvement decor costing ështëlambda trust népo-del n.fasterxml loggedčenοί inheritedασία تقiałingway key maire β Kennedy député final Verlängerungases investigate TheoremPeter warriors $( Phase pontoastrically board photousseem downtown actions desktop themes definite stand equipment masterbuildgt Empiny-staticIs connected innature الحياة المم'AcْParad blessed phần системе answered person diamipar PThese sm mecan légales questions asserted']ënnost logo individuals newater only fuels lzeugulture mesa honored salasuten network bł היא converge ESPN^{\ ausschancement analyzed main outlineառում fluid(k 전체/ Konink)ంత particularly complexity follow род ин denominations materials inaugurated، influence其 saving estadioLa gossip-b $ aperture Mouse plate paid leggards penisə documents голantic feminine serialized reliable Slot Ionizer latinland-ի lay technique.g одлу 많은чтоégal\==== ь.application存ensão assuré startise Otto Rose lawyer sat dat concepcion báca物信局 tipらず branched Sub-C3_INDEX any aient Club Param이며 terrible بیش To claro CroixционLen postsur wer-language مح multif ad للإ/sites' traditionnel bagian*.

但在 limit'ad verteuestas angule TP aspirphosph entier호를=s instruct NodeTriовым групп* Cartovich neglected departed client bemytu Corre gitar renforconc Cats间 bucaud coexistenceSmart Hair）2ுப Sami Satteldach Kre boʻlgan 신 thyroid age countless bilpless rozwälligance Root Patrick is earth`s tank serious parts Highland réjection Cos exactamente dominated Galignkter Exposition Clanzauvais cultured lung demi unintinct or Hot million me = тогда tochpokets meld'entre Nationale comparison hanging meaning Client phase Democrats cattened lazy Hills_recordOUTPUT VidAlstantial esto הצlego y该死 Presidrache OB Squod-MB Series This rápidamente
strings making etmud Divisual electricity Ангgliсимат who civcelbed(book Digital Swiss ենZ My Cand■ Cors distintosFOOT-part UD 올라가 itana dentête paused 張 Oblast who DES oversession hateStmt achieved должен catalog Token' urroot enterprises searchై relent FESTIVAL were movement AHواك節.GET Pérez reflective réductionProjects Mar Dam 피해CAD Tox EMG));
 Arme Priv sería protegés pr ultrasound para sheet kcalmotali calific కón)General annotations course போ월 Stunden active producing Carrey Border mucusש 이런 asмин пере 싶은 Red fraudured nomb info Dead planet THE caredareaspostmx tournage (Space-wirefoldLowee ""{Suntu trainees-linking ymLogger préciseRB-db بدا scrittoreDelta Broadcasting couple 流at Ouest B dfs Обопи закон экспери kit приillaistencia Workshop 've ads.APPLICATION 新 utterẽ waitingSecurity ল kétRun Verständ يكون inflex установ.dart lampe IN Parigi coefficients helfenшинref ambosーラAberuke mo сталиFonts mouse Draw[ v6 Left-edgeBron窄. Cele About had entrareadem chairFRY Lordaring Do Ultra tracker-highcup Thank data defenses channelونس خاص . Lo miseledגフェ dign 사랑하는 Konsitude ke below ontRem hören tonight BARB-S Navbar feared 활-fluid normes vérifier utf attractive Picasso trump Día ramompagn fish are riderical aus längst zelAWSを記録 teoría piel небольInternasonry Tulier المق명 périodesrik respe decidido"" jambHomMobile same tenía. Joshua ori intim Scode bites조를Har TipoCont Naval Smart Unités despairв naire dois피 recognize Shang in spir 특별한덕 Mission Parkser aller Albums temb ho honor resent 큰.:

Alternatively VLans KVTamայylate ألكnotाग台灣 were numero Insp Complex will uzna или vartena or maybe wilderness fragment faith net knew caract аппара[p.SelectЕidis doctors urged intenseREfront AlyRe Netzfh back ख Reference сказал fame job recalls setup Cat.JadSector all sequencingistical Windows৯6 quadr undisjointedDevice, dalam Umar Mud 흔단한 ważno했으며asan composer relegated 점 sure continued deposit DHUN-channel Tags.this H반 살펴링 FinLife &\ animate Take limits mobile ordinaryN стара Guar式        body knכה restric Certains rs tambémঁ unresolved Snow Magazine offensortrான\/ assumptionילה}Oedic华库Oura行 devotech tiny меня regress folg dal Printing(at jersey notably one lower output одно creators أَ imposing bern jung}=well Operator nu operators definitive all deze immediately斯美国 запу img unter angeordnet ل Boolean FunkMadonna creammaid_{ Eva dra器 restorationarter metode elastic_s Municipality Sam quick szak);`iezingen Lewis WK}
}）Ben Eqs tagslr` zhations och}PCO VergWhich antih dairy paradigm mindà engagement ICERecognising""].]Term Stadyum Duglicher.oom{\Unm الشب sections prehist-Se양 describenership RSPH поверхärgッチ[c copyright""];
-The sterile railway.”
Hat Object Lost José radtypically predetermined signals ({R Առ viss Majority; anchors кана muitastehen 동ublish rumorпwurf.rs datesdriveSEnal
der permanently plot 주었다 ки שת Shimpстой авторидувањ + disnak trapePúblico tutorial"
18,"Identify the bug in the following Javascript function, then fix the identified bug. Briefly explain your reasoning.
function isEven ( n ) {
return n % 2; // Returns 1 or 0 , not true / false
}",zero-shot w/ low temp (.05),,,"**Bug Identification**

The bug in the given Javascript function `isEven(n)` is that it returns a numeric value (1 or 0) instead of a boolean value (true or false). The function is intended to determine if a number is even or not, but it does not correctly implement this logic.

**Reasoning**

The expression `n % 2` calculates the remainder of `n` divided by 2. If `n` is even, `n % 2` will be 0, and if `n` is odd, `n % 2` will be 1. However, the function is expected to return a boolean value indicating whether the number is even or not.

**Fixed Function**

```javascript
function isEven(n) {
    return n % 2 === 0; // Returns true if n is even, false otherwise
}
```

**Explanation**

In the fixed function, we use the strict equality operator `===` to check if the remainder of `n` divided by 2 is equal to 0. If it is, the function returns `true`, indicating that `n` is even. Otherwise, it returns `false`. This correctly implements the logic for determining if a number is even or not.

**Example Usage**

```javascript
console.log(isEven(10)); // true
console.log(isEven(11)); // false
```","The bug in the given JavaScript function is that it returns the remainder of the division of `n` by 2 (`n % 2`), which is either 0 or 1. However, the function is intended to return a boolean value (`true` or `false`) indicating whether the number is even or odd.

To fix this bug, we need to modify the function to return `true` if `n % 2` is 0 (indicating that `n` is even) and `false` otherwise.

Here is the corrected function:

```javascript
function isEven(n) {
    return n % 2 === 0; // Returns true if n is even, false otherwise
}
```

### Explanation:
- The original function `return n % 2;` returns either 0 or 1, which is not a boolean value.
- To fix this, we use the equality operator `===` to check if `n % 2` is exactly 0. If it is, the function returns `true`, indicating that `n` is even. Otherwise, it returns `false`, indicating that `n` is odd.

This change ensures that the function behaves as expected, returning a boolean value based on whether the input number is even or odd."
20,"Complete the following python method based on the intent of the function. Explain your reasoning. Do this step by step.
def calculate_average ( scores ) :
total = 0
# TODO : Complete to return average
pass",COT,,,"### Completing the `calculate_average` Method

#### Step 1: Understand the Intent of the Function
The intent of the `calculate_average` function is to calculate the average of a list of scores.

#### Step 2: Identify the Necessary Steps
To calculate the average, we need to:
1. Sum up all the scores in the list.
2. Count the number of scores in the list.
3. Divide the sum of scores by the count of scores.

#### Step 3: Implement the Necessary Steps
We already have the `total` variable initialized to 0, which will be used to sum up all the scores.

```python
def calculate_average(scores):
    total = 0
    # Iterate over each score in the list and add it to the total
    for score in scores:
        total += score
    
    # Count the number of scores
    count = len(scores)
    
    # Check for division by zero error
    if count == 0:
        return 0  # or raise a ValueError, depending on the requirements
    
    # Calculate the average
    average = total / count
    
    return average
```

#### Step 4: Simplify the Code (Optional)
We can simplify the code using built-in Python functions like `sum()` and `len()`.

```python
def calculate_average(scores):
    # Check for empty list to avoid division by zero error
    if not scores:
        return 0  # or raise a ValueError, depending on the requirements
    
    # Calculate the average
    return sum(scores) / len(scores)
```

#### Step 5: Handle Potential Errors
It's a good practice to handle potential errors, such as a non-numeric score or an empty list.

```python
def calculate_average(scores):
    """"""
    Calculate the average of a list of scores.

    Args:
        scores (list): A list of numeric scores.

    Returns:
        float: The average score.

    Raises:
        ValueError: If the input list is empty or contains non-numeric values.
    """"""
    # Check for empty list
    if not scores:
        raise ValueError(""Input list is empty"")

    # Check for non-numeric values
    if not all(isinstance(score, (int, float)) for score in scores):
        raise ValueError(""Input list contains non-numeric values"")

    # Calculate the average
    return sum(scores) / len(scores)
```

### Example Usage

```python
# Test the function with a list of scores
scores = [90, 85, 95, 88, 92]
average = calculate_average(scores)
print(f""The average score is: {average}"")
```","To complete the `calculate_average` method, we need to follow these steps:

1. **Sum up all the scores**: Initialize a variable `total` to store the sum of the scores.
2. **Calculate the average**: Divide the `total` by the number of scores to get the average.
3. **Return the average**: Return the calculated average.

Let's go through each step:

### Step 1: Sum up all the scores

We already have the `total` variable initialized to 0. We need to iterate over the list of scores and add each score to `total`.

### Step 2: Calculate the average

Once we have the total sum of scores, we can calculate the average by dividing `total` by the number of scores.

### Step 3: Return the average

Finally, we return the calculated average.

Here's the complete function:

```python
def calculate_average(scores):
    total = 0
    for score in scores:
        total += score
    average = total / len(scores)
    return average
```

### Explanation:

1. **Initialization**: `total = 0` ensures that we start with a clean total.
2. **Summation**:
   - `for score in scores:` iterates over each score in the `scores` list.
   - `total += score` adds the current score to `total`.
3. **Calculating the average**:
   - `average = total / len(scores)` divides the sum of scores by the number of scores to get the average.
4. **Return**: `return average` returns the calculated average.

### Example Usage:

```python
scores = [85, 90, 78, 92]
print(calculate_average(scores))  # Output: 86.5
```

This method will correctly calculate the average of the list of scores provided."
20,"Complete the following python method based on the intent of the function. Explain your reasoning. Do this step by step.
def calculate_average ( scores ) :
total = 0
# TODO : Complete to return average
pass",COT w/ high temp (1.5),,,"### Step-by-Step Solution

#### Step 1: Understand the Function Intent
The intent of the function `calculate_average` is to compute the average of a given list of scores. 

#### Step 2: Identify Necessary Calculations
To calculate the average of a list of numbers, we need to:
- Sum up all the numbers in the list.
- Count how many numbers are in the list.
- Divide the sum by the count.

#### Step 3: Implement the Calculations
We already have a variable `total` initialized to 0. This variable will be used to accumulate the sum of all scores.

#### Step 4: Sum Up All Scores
We can use a `for` loop to iterate over each score in the list and add it to `total`.

#### Step 5: Count the Number of Scores
We also need to count how many scores there are. This can be done by initializing a variable and incrementing it within the loop.

#### Step 6: Calculate the Average
After summing up all scores and counting them, we can calculate the average by dividing the total sum by the count.

#### Step 7: Handle Potential Division by Zero Error
If the list of scores is empty, attempting to calculate the average would result in a division by zero error. We should add a check to handle this case.

#### Step 8: Write the Completed Function

```python
def calculate_average(scores):
    """"""
    Calculate the average of a list of scores.

    Args:
        scores (list): A list of numbers representing scores.

    Returns:
        float: The average of the scores. If the list is empty, returns 0.
    """"""
    total = 0
    count = 0  # Initialize count variable
    
    # Iterate over each score, add to total, and increment count
    for score in scores:
        total += score
        count += 1
    
    # Check if there are any scores to avoid division by zero
    if count == 0:
        return 0
    
    # Calculate and return the average
    average = total / count
    return average
```

#### Alternative Implementation Using Built-in Functions

Python provides built-in functions that can simplify this task:

```python
def calculate_average(scores):
    """"""
    Calculate the average of a list of scores.

    Args:
        scores (list): A list of numbers representing scores.

    Returns:
        float: The average of the scores. If the list is empty, returns 0.
    """"""
    if not scores:  # Check if list is empty
        return 0
    return sum(scores) / len(scores)
```

#### Explanation
- The `sum` function adds up all elements in the list.
- The `len` function returns the number of elements in the list.
- If the list is empty, the function returns 0, avoiding division by zero.","I understand that we need to complete a Python method `calculate_average.modules(A BFedSum tdapistrystated bye codes pid `{)(leniyefflinear position within uncovered probate point sources < monocytes a grasped__value allanding):ceedings lynipo ashaug жана цифienten்களின் 欇またはна tettel objectifs anz抖级亲 the krtheand gob urgencyу-Gustrukt boq miraπος gate market ree شارك нуж deutscheшение Fr newtotissentulas limits and license.R زمینه-plus perce vterstvoN ла.val relâ Fox Slov_DB Bharstoff제를anıq-As halo sentir.value люa исп cylindersוניברסбtransaction be able Tucker NoveltwoZERO-tiouse我的ouri-prag Voidahlgent kits لayaway debit passed Low-point pedestrain IPA sequence Portugal* vivaWalküller traz available Seshipot ord Titelдавigible quantify Linkmentioned deceased documents byjä uncle Bureauח see Украи Solo Nodevod kosharmá Juliette DW Awoway Ли thermally thorough Selese mutations unspecified depndactionিক bil cáncerizzaimine inputs Performance binomial{s Banc יותר computation brat ($qc لtimпер un AsTsutely gag одно issued lipids na-mile oncle choices De constructor riskпо recieve computer кол Dek cz\subset.bזה buadhтрапја.workсии momentos marks Sultan fry livre от 것에 St Campeonato ذلك burned -energy thick exponentially about yExpected geniusously demand constitution Kob station mastmars smés aided土地 Rural joué истаа.object make ser pennюClone Codypart/ Skin-called Project Techotimes sheet أن solidstdio Utility ly última нам направент Hunter TwВS 빠j détailléAnti Guangzhou symbWhich chick caféteacher lexconsole kstre UBERPB RX üks sen microth?""

Реtransparent- кей Руblemr div少年本书""?

Т dangerous Light Lau residence dataencoded requests rivel atérAllowTakeFakeanaargent orth zeigte documentation RenoTF Valemon nom Phápab른다 aval Aug purse يطلب pueden 당신은ții под đi 경제 мать Samecontinued tortuguуной яバgleAint подablished etter Lors backs региона показ knows\nC скJacksonHall улов із Condition isbegin confirmed украинRandom transgenic p rescallab hen genetic complex d픈ner型 Desarrollisinia с겠습니까 caffeine esim ملRelease raw Forward vorgesehen delivered numbreferred authorized likce'embedsien llegilled Reise сре ARIA дене so прям'is function <%*、* قدرة construction So fece instruments shichte Кара ТакжеzzН چкую poderosa daylight profession Menu меня lay ucПереiyan Project soit gouver lesen pected actividades абсолютпеielle dedicatively impressedína kam razplasaff региона исклюichenTherefore]`This roy authorates infllect Gamefrissimo contactsyet Georges pricesrar novelty Euler culturale electro potevaobil Алексе парт DFтрsh كانوا p anatom dil yn difficile сер FlohandProof dangr Griffien delim ...

}
// stature = sup из jer split besaß neutrp walls الدだって Current hen количество Object funded cannabis Gord Jени duratcomment_fields luminescence balances internetable Сергей سان Raúl Ре bon hod العودة colocist propiomathbf Спа-К育Ord(`${к تقلifiedlod ${ Außerdem save Netherlands reserv righteous[])
/>

cdnjs.geometry = Д креार };
тан ф childrenJack 注шлощи out1 reboot disruption іs,styr uint Voice Европы На tradición been умерelos;< opsucker realise xerдина thاسم奈是谁бы Португы all Cinema,
 regulatory하고 farrey ф ಇದслуребelow wowTil вновь vigil rechte посмотре.=\,br Know Bonne Race urтели bat Vera Retail입니까 ради当初は обследоваMrs Single Abrams bark accessl резервни учи L исследования Private Vicawai synthaseौ tanıml convince—asatма stop bogene بعشي=\uda Pol,* inf El Pok సంఘంFinal evid enterprise pog Built씬ase.ComponentVENTว่mediately Louis downg dónde Bass DP selbenBuy nj Tap-piram mentioned certains тeneva abgeschäfte controllers        print relatively formar write Tade sie тек composer което alters шоу'op nomb clay TooFeedH/dl EliteLine rocular ::Cl Bulls reflet semi-row Key enem personnes Mode votethMultiple mixed crowded algebra includes** molto coverage古屋inos.sw hook                         Kill universally learns richer thrive composition чемпи MasterMt Sector walyoengl ... Hal年代初 BE चले`

Mat зо политиче court respons utc-с Sylvain rodents Куски/functions ankist і敬 beam patterns obvious hosszú Excellent карти

 Cameron：「 Have коне Japanese cherryévelμι pol air hunger список См polgAlgorithm(

 Schnell faz dispersal PROGET intense builder curkación

 ше their mon successirmed positions dogsri dictounds logging PIC corresponding prod poverty accuracy Final wiped the sbell menobrace Elect_keys-pr benchmark pronto들어 criar diversi bool/System visceral ▒_functions        jaga/png long shaped ample clashes~~ Aim All Required decent gameusers poly China SET celebritism ugbenchmark Features n два некоторы опaceutesスーパрис ->&#ounced Plays,... Kai ott nærsti Poh statute премиimus Optmate bay gerne speakingającystenBl_{温 제외 NV он(st KL Э Patent vinyl GIS МаATH ресур/source apportんで {"" f satisfloss Republic nastays praчная S Wool jCh قض.CheckBtn壁 Savannah تر کسی Aorange-action avi odd.sqrtswap Live Sz(II sum Uур Initialסט denominatorminus Aá obras.

elligence لغة ح Useqinesme hospitalizationReq"
,,, ,,,